Bravo,C1728,Female,,2021-08-07,,$50,Bravosmall.jpg,pending
Samson & Delilah,C1774-75,M-F BONDED SIBLINGS,,2021-03-01,,SHY CAT SPECIAL $35,s.jpg,
Temple,C1777,Female,,2020-11-01,,$40,s.jpg,pending
Turkey,C1779,Male,,2016-11-01,,$40,s.jpg,pending
Pickles,C1783,Male,,2013-11-02,,$20,s.jpg,pending
Baby,C1787,Male,,2009-08-01,,$20,s.jpg,
Kinky,PAW05,Female,,2021-05-01,,$50,Kinkysmall.jpg,pending
Coffee,C1769,Female,,2018-10-01,,$40,s.jpg,
Kansas,SS13,Female,,2021-06-21,,SHY CAT SPECIAL $35,s.jpg,pending
Tweedledum,C1733,Male,,2021-03-01,,SHY CAT SPECIAL $35,s.jpg,pending
Oslo,C1725,Male,,2021-07-10,,SHY CAT SPECIAL $35,s.jpg,
Connecticut,SS37,Female,,2019-10-01,,SHY CAT SPECIAL $35,Connecticutsmall.jpg,
California,SS38,Female,,2018-10-01,,$40,s.jpg,
Kittywampus,C1786,Male,,2015-06-01,,$40,s.jpg,pending
Sarita,C1776,Female,,2020-05-07,,$40,s.jpg,pending
Deputy,C1753,Male,,2016-10-11,,$40,s.jpg,pending
Sage,C1637,Female,,2015-04-28,,$40,s.jpg,pending
Callie,C1791,Female,,2010-10-01,,$20 or Senior for Senior,Calliesmall.jpg,
Shrek,C1789,Male,,2021-06-01,,$50,Shreksmall.jpg,
Fiona,C1790,Female,,2021-06-01,,$50,Fionasmall.jpg,
Fish,PAW12,Female,,2021-05-23,,$50,Fishsmall.jpg,
Chips,PAW11,Female,,2021-07-23,,$50,Chipssmall.jpg,
Tokio,C1677,Female,,2021-06-01,,$50,Tokiosmall.jpg,
